﻿{
  "version": "v0.1.3",
  "generated": "2025-10-20 13:29",
  "root": "C:/MIND_MVP_BUILD/MIND_FIN_PRO",
  "entries": [
    {
      "id": 1,
      "timestamp": "2025-10-20 12:03",
      "title": "Pipeline de auditoria concluído",
      "file": "audit_main.py",
      "origin": "oklow",
      "message": "Todos os módulos do Mind Fin Pro foram validados com sucesso.",
      "status": "ok"
    },
    {
      "id": 2,
      "timestamp": "2025-10-20 12:05",
      "title": "Aviso de latência no worker AI",
      "file": "dopamine_worker.js",
      "origin": "warmmedium",
      "message": "O worker 'dopamine_core' apresentou 150ms acima do threshold médio.",
      "status": "warn"
    },
    {
      "id": 3,
      "timestamp": "2025-10-20 12:07",
      "title": "Insight automático gerado",
      "file": "analytics_core.py",
      "origin": "inflow",
      "message": "Nova métrica 'UserRetention_id' foi calculada com score +12%.",
      "status": "info"
    }
  ]
}
